{
    "avg_prec": {
        "train": 1.0,
        "test": 0.5546015313737409
    },
    "roc_auc": {
        "train": 1.0,
        "test": 0.8365502450980392
    }
}
