{
    "avg_prec": {
        "train": 1.0000000000000002,
        "test": 0.5894586930978882
    },
    "roc_auc": {
        "train": 1.0,
        "test": 0.8799838022278574
    }
}
